_id,restaurante_id,nombre,descripcion,precio,categoria
art0,rest27,Democrat,Walk number rule minute store.,9.59,Bebida
art1,rest15,Find,Respond try build threat.,26.86,Entrada
art2,rest28,Minute,Beautiful carry everything protect why.,25.2,Entrada
art3,rest3,Suggest,Season develop avoid church.,21.3,Entrada
art4,rest5,Government,Law save public available reach.,28.16,Plato fuerte
art5,rest10,Wait,Item usually some.,15.16,Bebida
art6,rest13,Friend,Success produce there along play.,26.62,Entrada
art7,rest10,Across,Carry heavy wall pull enter.,14.47,Bebida
art8,rest16,Civil,Sport safe executive cup then week tax.,28.16,Bebida
art9,rest18,So,About attack newspaper decade concern.,15.58,Bebida
art10,rest9,Kid,Party piece doctor give most.,9.75,Plato fuerte
art11,rest3,Couple,Subject themselves property make picture.,19.48,Entrada
art12,rest47,Piece,Myself far despite while to shake.,12.84,Entrada
art13,rest37,Kind,Foot production break let five box recent.,16.92,Plato fuerte
art14,rest3,Sea,Similar low source major.,29.02,Entrada
art15,rest11,Its,Ahead environmental Democrat surface important.,6.71,Entrada
art16,rest43,Or,Energy fish hot kind human treatment.,26.55,Bebida
art17,rest7,Executive,Rock fund stand final important occur coach.,28.54,Plato fuerte
art18,rest37,Design,Book why particularly can music wear again here.,19.86,Entrada
art19,rest26,Statement,Treatment short need pressure million gun.,21.43,Postre
art20,rest16,Decide,Study how responsibility face.,10.11,Postre
art21,rest15,Color,Former democratic safe vote already after.,11.64,Plato fuerte
art22,rest42,Yard,Bill huge machine church feeling discover significant.,21.14,Bebida
art23,rest20,End,Evening buy six.,28.23,Entrada
art24,rest0,Reality,Capital scientist establish be available reveal.,16.46,Entrada
art25,rest4,Sound,After sea must try believe open.,18.44,Postre
art26,rest8,Include,Story teacher size interesting sea.,28.33,Entrada
art27,rest15,Five,Learn between wide office heavy.,14.24,Plato fuerte
art28,rest28,Laugh,Develop image everything expect.,25.84,Postre
art29,rest39,Scientist,Media him year road week several research.,29.6,Entrada
art30,rest42,Local,Official agent side language live.,25.43,Postre
art31,rest42,Boy,Forward special wish believe college.,7.59,Plato fuerte
art32,rest16,Treatment,Order base idea study model style set.,7.89,Entrada
art33,rest47,Artist,Edge find full character focus north image.,18.83,Postre
art34,rest18,Accept,Real sense some nation fine.,20.12,Postre
art35,rest13,Reach,Focus remember method teach yeah.,22.19,Postre
art36,rest32,Beat,International back camera add.,17.21,Entrada
art37,rest5,Nature,Coach join will although.,20.86,Postre
art38,rest2,Language,Color sort maintain see natural human father.,5.09,Plato fuerte
art39,rest40,Learn,Result they even follow threat.,29.49,Plato fuerte
art40,rest47,Organization,Center model daughter pass.,16.05,Bebida
art41,rest35,Send,Mind economy leg view until result.,5.24,Entrada
art42,rest44,Together,Clearly resource listen fish.,27.6,Entrada
art43,rest23,Country,Like year accept reduce.,19.56,Plato fuerte
art44,rest27,Decision,Mrs former article light.,8.19,Postre
art45,rest23,Close,Go next difficult pick.,27.47,Entrada
art46,rest22,Without,Ever star test once figure.,10.25,Plato fuerte
art47,rest42,Probably,Various night political dark or bill.,7.57,Bebida
art48,rest39,Direction,Condition nor camera mission population.,23.74,Plato fuerte
art49,rest10,Identify,Offer table painting whom say pattern.,29.41,Plato fuerte
art50,rest26,Where,Decide able discussion describe upon past century.,5.62,Postre
art51,rest26,May,Follow time appear.,25.06,Plato fuerte
art52,rest17,Much,International line few service drive hotel.,8.98,Entrada
art53,rest24,Staff,Relationship great stuff first back painting.,26.8,Bebida
art54,rest14,Difficult,Watch street represent style.,9.99,Bebida
art55,rest22,Opportunity,Majority smile rate newspaper itself give.,12.63,Plato fuerte
art56,rest14,Ago,Talk side generation interest pay then.,5.59,Plato fuerte
art57,rest25,Wife,Him condition section action kind.,13.21,Entrada
art58,rest49,Never,Accept financial behind hard effect.,11.98,Bebida
art59,rest43,Will,Parent almost ever.,29.53,Postre
art60,rest1,Measure,Analysis receive education personal wife statement.,7.88,Postre
art61,rest11,Travel,Young place make list themselves seek space.,19.51,Postre
art62,rest2,American,Ahead thus check save that capital.,7.71,Bebida
art63,rest22,Kind,Argue PM artist best.,23.21,Postre
art64,rest27,Off,Work create pass admit student.,20.16,Entrada
art65,rest24,Thus,Today college worry reveal hand add.,27.49,Plato fuerte
art66,rest16,Red,Indicate property article cover seven challenge.,6.11,Bebida
art67,rest0,Example,Common and part read.,18.0,Plato fuerte
art68,rest23,It,Play success wait find.,15.78,Postre
art69,rest39,Option,Brother letter structure beat us because.,12.85,Entrada
art70,rest46,Why,Consumer beat fish phone.,27.5,Postre
art71,rest42,Again,Small design hear ball.,15.21,Bebida
art72,rest44,Shake,Film race wall ten section.,12.39,Plato fuerte
art73,rest12,Sing,Financial here expert everything.,15.51,Bebida
art74,rest43,Other,Including structure evening current without else.,23.7,Plato fuerte
art75,rest39,Less,Begin great hair sign mission.,19.23,Bebida
art76,rest35,Themselves,Reach color wear one choose notice year its.,25.84,Postre
art77,rest18,Race,Debate record mean stop some.,10.25,Postre
art78,rest29,Believe,Significant election life all boy probably cost.,16.04,Plato fuerte
art79,rest32,Challenge,Only head help open almost red picture.,16.83,Plato fuerte
art80,rest42,True,City little from.,7.12,Postre
art81,rest5,Weight,Cost group clear national.,25.46,Plato fuerte
art82,rest43,Soldier,Keep pattern order.,12.76,Plato fuerte
art83,rest9,Run,Room list during rich over lot.,5.61,Plato fuerte
art84,rest30,Institution,Always upon doctor various until.,20.28,Entrada
art85,rest29,Box,International especially officer or clearly coach.,15.36,Plato fuerte
art86,rest45,First,Whole wall cup win sell candidate four whether.,22.41,Bebida
art87,rest25,Believe,Society center get how leave.,11.1,Entrada
art88,rest48,Reason,Customer common film continue.,26.51,Entrada
art89,rest49,Toward,Job right child new simply.,15.63,Plato fuerte
art90,rest44,Accept,City beyond near hour defense line heavy.,17.95,Entrada
art91,rest35,Major,Several benefit campaign several card.,11.23,Entrada
art92,rest29,Spring,Today star room interesting hour author.,8.33,Bebida
art93,rest42,Middle,Agree those concern dog gun may ability out.,18.28,Postre
art94,rest48,Information,Population catch could deep.,27.29,Bebida
art95,rest35,Learn,Fund pressure international expect.,16.15,Plato fuerte
art96,rest47,Impact,Alone when instead clear radio strong let.,26.54,Bebida
art97,rest16,Beautiful,Rather big television sound activity five.,23.79,Postre
art98,rest49,Paper,Himself lawyer main whether I side field.,24.44,Bebida
art99,rest40,Evening,Page sort late health.,10.98,Bebida
art100,rest4,Material,Such will born condition interest service.,22.84,Plato fuerte
art101,rest17,Truth,Character front various opportunity.,13.4,Entrada
art102,rest8,Decade,Spend road lawyer any example business majority.,8.77,Bebida
art103,rest44,Hit,Threat rather education.,8.82,Plato fuerte
art104,rest4,Green,Short age environment fall indicate.,15.37,Postre
art105,rest34,Likely,Fear along born rule most how.,16.65,Entrada
art106,rest13,Continue,Movement call certain management.,25.82,Bebida
art107,rest49,Walk,Generation leader pay try tough.,19.6,Entrada
art108,rest48,Work,Notice American force although participant rich speech.,19.39,Bebida
art109,rest0,Blood,Mention rise front PM few husband.,28.57,Postre
art110,rest48,Create,Return sea bad treatment whole.,14.75,Bebida
art111,rest34,Student,Number yet past much soldier.,23.69,Plato fuerte
art112,rest31,Rule,Hear list set.,10.49,Bebida
art113,rest31,Leave,Section sing everybody provide painting.,5.73,Postre
art114,rest42,Where,Question evening imagine affect.,21.98,Bebida
art115,rest46,Join,Ever leg so play.,9.13,Bebida
art116,rest8,Bill,Different remember determine particularly rock.,29.52,Entrada
art117,rest25,Politics,Onto play forget home upon actually future.,19.8,Entrada
art118,rest5,Half,Charge take material mother color hope.,21.07,Plato fuerte
art119,rest29,Interesting,Produce number bad.,9.54,Postre
art120,rest24,Message,World bar security morning fight seem later.,13.18,Bebida
art121,rest20,Manage,Choose once person.,13.44,Bebida
art122,rest17,Other,Indeed share seem exist season writer.,23.8,Bebida
art123,rest16,How,Capital parent sure best design yeah number.,25.87,Bebida
art124,rest1,Could,Short worker without nearly.,23.73,Entrada
art125,rest22,He,Industry out floor guy black.,10.61,Entrada
art126,rest49,Usually,Maybe mouth different identify series experience.,28.93,Entrada
art127,rest48,Window,Church them hundred about stop several prevent.,5.78,Plato fuerte
art128,rest12,Result,Himself president wind improve.,25.98,Plato fuerte
art129,rest15,Provide,Peace catch people.,8.16,Entrada
art130,rest36,Be,Number impact age particular coach personal range weight.,28.69,Bebida
art131,rest44,Agency,Third pressure need tell sure claim hard themselves.,11.41,Postre
art132,rest10,Continue,View TV follow fall thus debate leave.,20.15,Entrada
art133,rest49,Election,Kitchen drop computer left political sound study the.,25.48,Postre
art134,rest6,When,Each reveal attorney security.,19.47,Postre
art135,rest36,Rest,Term yet television audience indicate employee.,21.93,Bebida
art136,rest25,Sense,Building since positive move agency lose rise.,28.54,Plato fuerte
art137,rest4,Final,Stock rise always human until picture.,19.8,Plato fuerte
art138,rest6,Less,Skin billion suggest serious often social.,22.43,Postre
art139,rest43,Seven,Hand prevent center during.,20.01,Entrada
art140,rest36,Meeting,Enough form really leader remember.,24.57,Postre
art141,rest34,Soldier,Serious garden ready former late.,15.71,Postre
art142,rest4,Evening,Every along cause miss ago they nor.,17.65,Postre
art143,rest0,Sell,Fill respond nothing fight require.,26.24,Bebida
art144,rest6,Report,Child source campaign parent teacher.,15.84,Postre
art145,rest40,Even,Agreement deep field once else.,27.29,Bebida
art146,rest45,Set,Seat you image peace color general choose.,8.82,Plato fuerte
art147,rest46,Tonight,Fire hear tend magazine college moment compare.,18.04,Postre
art148,rest39,Watch,Add water garden finally difference everything.,25.2,Bebida
art149,rest29,Star,Practice ground least tree.,15.89,Postre
art150,rest20,What,Style suffer situation.,26.29,Entrada
art151,rest17,Need,Scientist hair allow phone weight.,27.04,Plato fuerte
art152,rest48,Movement,Even which suggest Mrs.,16.62,Bebida
art153,rest21,Base,Land mission each something.,5.72,Postre
art154,rest11,Cover,Direction response concern without entire.,17.19,Postre
art155,rest16,Fall,Sea safe true town.,13.51,Postre
art156,rest35,Cause,Few debate during seven local better think.,5.25,Plato fuerte
art157,rest5,Approach,So authority long kind live between.,11.03,Bebida
art158,rest31,Perform,Our feel act involve toward.,18.88,Plato fuerte
art159,rest44,Service,Since crime south pass lead a.,16.9,Bebida
art160,rest28,Somebody,Over manage computer medical method week.,24.82,Entrada
art161,rest18,Firm,Test eat every night final.,10.54,Plato fuerte
art162,rest19,Less,With watch maintain five.,21.6,Postre
art163,rest30,Mr,Many condition set pull behind television garden.,18.84,Postre
art164,rest27,Right,State cover board discussion film figure short.,29.92,Postre
art165,rest22,Marriage,Range until decision public.,22.57,Postre
art166,rest19,Game,Court how commercial citizen.,11.29,Entrada
art167,rest46,Recognize,For might listen organization.,9.81,Entrada
art168,rest47,Keep,Director enjoy various strong he.,18.4,Plato fuerte
art169,rest12,Follow,Risk stop firm final none several.,10.41,Bebida
art170,rest17,Accept,Area impact position cause lead ever.,23.11,Postre
art171,rest6,Tell,Decade respond far health focus.,25.82,Postre
art172,rest14,Street,For nice current Democrat me task.,14.02,Postre
art173,rest0,Both,During for look return.,22.7,Plato fuerte
art174,rest17,Many,Sit hope where.,6.14,Entrada
art175,rest35,Seat,Economic would only arrive argue garden Mrs.,12.3,Plato fuerte
art176,rest40,Left,Book care seek foot simple.,26.71,Bebida
art177,rest6,Job,Them operation off no.,26.82,Postre
art178,rest30,Left,Foreign national produce news stage.,16.97,Postre
art179,rest11,Road,Cell show that.,29.14,Postre
art180,rest30,Scene,Whatever guess significant section Democrat fly.,7.85,Entrada
art181,rest25,Drive,Gun current will else page usually cell.,17.29,Entrada
art182,rest9,Quality,Interview south something story art writer.,8.73,Postre
art183,rest5,Hour,Not yet where.,29.85,Entrada
art184,rest35,Tv,So man offer plant same north.,24.11,Plato fuerte
art185,rest49,Open,Mother sometimes suffer because.,18.06,Bebida
art186,rest28,Win,Particular year sell short issue everybody later.,12.43,Bebida
art187,rest19,Up,Practice authority possible fund.,19.22,Entrada
art188,rest39,News,Threat husband family perhaps hope across.,29.0,Entrada
art189,rest48,Future,Character talk once should mother president.,10.19,Plato fuerte
art190,rest16,Deep,Understand throw resource officer country challenge final.,21.51,Plato fuerte
art191,rest15,Blood,Mouth war always.,9.35,Entrada
art192,rest10,Care,Give attorney that up probably cut clear.,5.07,Bebida
art193,rest44,Experience,View describe green case together.,19.85,Postre
art194,rest2,Less,Street heart know season.,10.79,Postre
art195,rest44,Sister,Herself land human day herself.,26.49,Entrada
art196,rest43,Teacher,Behavior compare tree right.,10.84,Postre
art197,rest40,Campaign,Series build major painting.,19.74,Plato fuerte
art198,rest27,So,Indeed decision before medical long meet.,7.87,Plato fuerte
art199,rest41,You,Administration herself information which beyond growth finally.,8.72,Postre
art200,rest9,Attention,Watch present director red practice special.,6.79,Plato fuerte
art201,rest19,Type,Administration who role today animal suggest concern.,19.88,Postre
art202,rest28,Act,Million cell like although.,8.11,Postre
art203,rest44,Pick,Term produce he increase church.,15.06,Postre
art204,rest32,Consider,View whole score special.,18.5,Bebida
art205,rest5,Course,These body class marriage fill personal.,19.95,Bebida
art206,rest47,When,Perform agreement ago agreement like.,13.06,Postre
art207,rest1,Simple,Trial another help out.,7.28,Entrada
art208,rest48,Network,Citizen address today begin.,21.81,Postre
art209,rest36,Attorney,Why less indeed together.,6.01,Plato fuerte
art210,rest30,Less,Tax speak a live.,17.97,Bebida
art211,rest17,We,Campaign prevent half party respond.,9.54,Bebida
art212,rest40,Mean,See system cultural despite candidate walk difficult.,25.36,Entrada
art213,rest30,Beautiful,Response executive past economic.,13.7,Postre
art214,rest20,Enough,Role feeling report left.,21.75,Plato fuerte
art215,rest21,Performance,Might write entire tonight foreign hear certainly.,15.29,Bebida
art216,rest18,Since,Security son place.,21.56,Bebida
art217,rest48,Study,Woman add play structure down.,18.75,Bebida
art218,rest5,Industry,Activity lose tax could thank wife.,12.86,Postre
art219,rest7,Into,Yeah law enjoy key seat pretty method.,29.25,Bebida
art220,rest32,Green,You control game the sign lead.,25.62,Entrada
art221,rest42,Big,Shake enjoy site interview agent myself.,26.73,Bebida
art222,rest26,Between,Window store build require call.,6.36,Postre
art223,rest39,Hand,Laugh network vote whom will.,23.91,Bebida
art224,rest48,Court,Star those memory center quite simply.,6.29,Postre
art225,rest35,Decide,Moment sister none most another mouth.,8.28,Postre
art226,rest28,Notice,Really young coach city quite.,27.02,Bebida
art227,rest7,Prove,Difficult us respond must western interest dark any.,5.72,Plato fuerte
art228,rest45,Institution,Hope miss instead live focus.,8.96,Entrada
art229,rest35,Set,A edge new find type.,15.2,Plato fuerte
art230,rest7,Position,Where arrive improve century state share southern week.,16.54,Entrada
art231,rest41,Eight,Skill position hospital cover strong audience.,25.8,Bebida
art232,rest45,Fact,Throughout but science want.,12.3,Postre
art233,rest26,Civil,Kitchen public set action bring.,25.87,Bebida
art234,rest15,Foreign,Bill pick likely produce federal by sea.,16.42,Plato fuerte
art235,rest24,Look,Audience without treat game.,9.77,Plato fuerte
art236,rest4,Expert,High through both.,11.91,Bebida
art237,rest21,Man,One then reality some serve different.,28.36,Postre
art238,rest0,Board,Young owner out guy.,12.07,Postre
art239,rest37,True,Student white instead point tend exactly right.,19.5,Bebida
art240,rest9,Fact,Policy forget project economy ground.,16.16,Bebida
art241,rest22,Add,Require magazine one determine.,13.31,Bebida
art242,rest29,Leader,Billion sit remain night study.,28.32,Plato fuerte
art243,rest44,How,Million understand him own opportunity soldier west offer.,10.97,Bebida
art244,rest14,Buy,Guess pull tough instead hour.,26.4,Bebida
art245,rest2,Size,Girl small system.,12.95,Bebida
art246,rest45,Painting,Also human source season it traditional democratic.,27.84,Bebida
art247,rest24,Course,Piece forget factor.,29.71,Plato fuerte
art248,rest31,Itself,Rock support effect.,29.12,Plato fuerte
art249,rest32,Tell,Good whole everybody situation foot recognize.,29.13,Postre
art250,rest6,Prove,Shoulder civil next tell possible.,26.85,Bebida
art251,rest6,Sit,Send sit common matter become goal.,18.15,Bebida
art252,rest0,Nothing,First figure trial bed image.,23.06,Bebida
art253,rest41,Pretty,Police series dark task magazine front just.,29.25,Entrada
art254,rest30,High,Where follow born ok.,24.54,Postre
art255,rest21,When,Record night series Mrs huge receive cup.,20.58,Bebida
art256,rest41,Believe,Trip production system certainly future government card history.,7.01,Postre
art257,rest43,Through,Party wife food different step.,26.48,Bebida
art258,rest20,Else,Choice yeah ago difference reason despite themselves.,20.67,Bebida
art259,rest34,Less,Certainly father who tax low.,5.9,Entrada
art260,rest15,Leg,News your court control million hundred.,20.78,Postre
art261,rest14,Parent,Section religious word sound enjoy have.,23.67,Bebida
art262,rest6,We,Floor ground when care team.,24.01,Entrada
art263,rest28,Scientist,Somebody often benefit true world.,9.16,Postre
art264,rest1,Section,Movement bit step direction give reduce with.,6.15,Entrada
art265,rest18,Tend,Let off apply peace market.,13.96,Bebida
art266,rest9,Least,Well commercial nice next.,11.1,Bebida
art267,rest36,Art,Live relationship as great western everybody.,22.05,Plato fuerte
art268,rest10,Entire,Require make region.,9.38,Bebida
art269,rest39,Yes,Worry Democrat laugh Mrs.,22.08,Bebida
art270,rest37,Represent,Form now then watch certain.,8.58,Bebida
art271,rest40,Notice,Fire according participant Republican group build within pass.,11.35,Postre
art272,rest42,Next,Room run eat own serve conference.,5.23,Bebida
art273,rest18,Course,Power manager build.,21.94,Plato fuerte
art274,rest4,Behind,Watch off we hold.,16.04,Postre
art275,rest37,Involve,Recent catch gas benefit great religious.,12.48,Bebida
art276,rest44,Until,Matter continue husband dinner worry.,11.25,Postre
art277,rest12,Property,Fund sell model after.,29.98,Bebida
art278,rest6,Police,Word arrive health collection.,10.93,Postre
art279,rest36,Newspaper,Above his agree.,12.4,Postre
art280,rest1,West,Nor teacher western country per consider despite.,29.45,Bebida
art281,rest17,Hair,The tree outside off.,5.2,Entrada
art282,rest38,Vote,Relationship they concern chance standard air.,23.63,Postre
art283,rest49,American,Thousand soldier build various various blue raise.,24.97,Postre
art284,rest14,Performance,Cold between cover choice party front lawyer.,20.92,Postre
art285,rest43,Reason,Story six want protect assume east center.,23.89,Plato fuerte
art286,rest40,Television,Could identify group true TV specific travel.,7.43,Entrada
art287,rest19,Second,Better mind professional fly month offer mother hour.,24.72,Entrada
art288,rest37,Office,Executive career shake fall phone.,14.12,Plato fuerte
art289,rest5,International,Help make make focus machine home.,27.74,Postre
art290,rest47,Modern,Side recognize month among water.,15.39,Plato fuerte
art291,rest8,Food,Security number community finish answer agreement whom his.,24.66,Postre
art292,rest33,He,Appear stay them school model condition he.,17.54,Postre
art293,rest10,Say,Treat better wear.,11.42,Bebida
art294,rest18,Wait,Republican authority data deal policy.,23.66,Postre
art295,rest7,Administration,Two deal ready.,16.71,Entrada
art296,rest9,Window,Above drive sport story worker.,23.85,Plato fuerte
art297,rest43,In,Head study and center east.,23.11,Bebida
art298,rest35,Relate,Think institution now tell phone.,14.14,Bebida
art299,rest0,Democratic,Important act statement help successful.,11.61,Entrada
